"SamAccountName","DisplayName","Enabled"
"PZYLEONG","Leong Yoot","True"
"CKCHONG","Chong Chin Kiong","True"
"DBFSCHAN","Chan Foo Sun","True"
"JPGYTAN","Tan Guat Yian","True"
"CPWHANG","Ang Wei Han","True"
"PZHKGOH","Goh Hiap Kee","True"
"JPCCYEW","Yew Chin Chuan","True"
"SCHKTEW","Tew Hoe Kheng","True"
"KKCHONG","Chong Kim Kiang","True"
"BRKWLOKE","Loke Kin Wai","True"
"PZSHFOO","Foo Seong Hoo","True"
"PZSLEE","Lee Sang","True"
"SCCKANG","Ang Choon Kiat","True"
"PZHYYAM","Yam Hor Yin","True"
"PZWWANG","Wang Wood","False"
"PZHCTAN","Tan Han Chuan","True"
"JPPMLEE","Lee Ping Meng","True"
"PZKPLEE","Eugene Lee Kim Peng","True"
"JPKSCHAI","Chai Kain Soon","True"
"PZYLCHIN","Chin Yen Ling","True"
"JPTKTEOH","Teoh Tiong Keat","True"
"JPWLFU","Jennifer Fu Woan Lin","True"
"PZALCHEAH","Cheah Ai Ling","True"
"PZJWLOW","Low Juen Wai","True"
"PZJWTAN","Tan Ji Wee","True"
"PZCWLEONG","Leong Ching Wen","True"
"PZCCNG","Ng Chee Cheng","True"
"JPPLENG","Eng Piang Lai","True"
"PZHGVOON","Voon Hau Guan","True"
"EBKHLIAW","Liaw Kuai Hong","True"
"JPTWCHAN1","Chan Teck Wah","True"
"PZFATHI","Fathi Amira Bt Mohamad Zukriyani","True"
"JPPYLAI","Lai Pui Yen","True"
"EBKSMOH","Moh Kok Seng","True"
"CPAZLINA","Azlina Binti Mohamed","True"
"PZKSNG","Ng Kim Sing","True"
"PZWLNG","Ng Wai Lim","True"
"PZSLLOO","Loo Soo Lan","True"
"CPKPNG","Ng Kim Poh","False"
"CPCCYEOH","Yeoh Chin Chong","True"
"PZTKKOH","Koh Thong Kiat","True"
"PZROB","Rob Clayton","True"
"PZZWSHUM","Shum Zhen Wei","True"
"EBCKCHEW","Chew Chee Kheun","True"
"CPJSYAP","Yap Jian Shen","True"
"PZHICHEONG","Cheong Hui Ing","True"
"JPALLEAW","Kelly Leaw Ai Li","True"
"PZPLTAN","Tan Pei Leng","True"
"PZANISAH","Anisah Rafidah Binti Yaacob","True"
"PZEMY","Emy Isnaini Binti Md Nasir","True"
"PZCKNG","Ng Chi Kuan","True"
"JPNAZIFI","Muhammad Nazifi Bin Othman","True"
"PZSYAZWIN","Syazwin Hana Bt Md Yusoff","True"
"Testing","Andy Test Acc","True"
"PZDANIEL","Daniel Johan Bin Abdul Rahman","True"
"PZSHAHMIR","Shahmir Bin Roshidi","True"
"PZHAKIM","Abdul Hakim Bin Zainal Abidin","True"
"JPYYFOONG","Foong Yeng Yeng","True"
"PZPUVA","Puvaneswari A/p Vijayakumaran","True"
"PZALIN","Alin Noor Fiswani Binti Agussalim","True"
"SVYYYEE","Yee Yek Yien","True"
"PZJQNG","Ng Jia Qin","True"
"PZKYWONG","Wong Kah Yuen","True"
"PZYCOWI","Owi Yee Chee","True"
"PZAMIR","Amir Afiq Bin Iskandar","True"
"PZPNBONG","Bong Pao Ngen","True"
"JPCHHO","Ho Chai Har","False"
"JPCWCHAY","Chay Chee Wah","False"
"JPSLLOOI","Looi Swee Luan","True"
"JPCLWONG","Wong Chei Ling","True"
"BRVINAY","Vinay Kumar Mandava","True"
"PZLMTEOH","Teoh Li Mei","True"
"JPYCTAI","Tai Ying Chun","True"
"JPHWHO","Ho Hon Wa","True"
"PZPCCHOW","Chow Poh Chai","True"
"JPSYKOK","Cheri Kok Suet Yee","True"
"JPSSONG","Ong Shyne Sze","True"
"JPLSKHOR","Khor Lian See","True"
"PZTQKOO","Desmond Koo Tze Qing","True"
"JPHCCHANG","Chang Hui Chin","True"
"CPLHGAN","Gan Loon Hui","True"
"CPYLWONG","Wong Yong Lin","True"
"EBKPTAN","Tan Kok Pin, Jason","True"
"PZWILLIE","Yeoh Willie","True"
"CPCMLAI","Lai Choon Meng","True"
"PZJHTEE","Tee Jing Huey","True"
"PZJLTAN","Tan Jia Lok","True"
"SCYCONG","Mark Andrew Ong Yih Chao","True"
"PZTLLEE","Lily Lee Tze Lyn","True"
"CPJWTAN","Tan Jee Wang","True"
"Y69.tst03","Kok Wai Yap 03","True"
"PZJDLU","Lu Jin Dang","False"
"SOPNURUL","Nurul Hanis Binti Shamsudin","True"
"SOPAMIRAH","Noor Amirah Sofea Binti Mohd Faudzi","True"
"SOPSYAHIRA","Nur Syahirah Binti Shaari","True"
"AMREYMARK","Reymark Especial Santos","True"
"IPMYLEONG","Leong Mun Yew","True"
"IPSMLEE","Lee Sai Mun","True"
