"SamAccountName","DisplayName","Enabled"
"DBCKANG","Ang Choon Keong","True"
"DBWSWONG","Wong Weng Sham","True"
"DBPETER","R. Peter Michael A/l M.rayappan","True"
"DBTOTENG","Teng Teck Oon","True"
"DBLSYAP","Yap Lii Shing","True"
"DBKHCHEN","Chen Kin Hong","True"
"DBLKLIT","Lit Lei Kheng","True"
"DBFHLEE","Lee Fong Han","True"
"DBGMCHONG","Chong Gui Ming","True"
"DBJWTAN","Tan Jiunn Wai","True"
"DBGHANG","Ang Guan Hong","True"
"DBYTTHING","Thing Yee Teong","True"
"SVSYAFIQ","Amir Syafiq Bin Che Roslan","True"
"DBCGONG","Ong Cheong Guan","True"
"DBSHAM","Mohamad Shamsuddin Bin Haji Shuib","True"
"DBYSBONG","Bong Yee Seong","True"
"DBKALAI","Aaron Kalaichelvan","True"
"DBSAFWAN1","Safwan Arif Bin Zahardin","True"
"DBSELEONG","Leong Soon Ee","True"
"DVKHYAP","Yap Kok Heng","True"
"DBCFLEE","Lee Chui Fong","True"
"DBCTHO","Ho Chih Thir","True"
"Testing","Andy Test Acc","True"
"DBHANANI","Hanani Huda Binti Fadzil","True"
"DBCTOH","Oh Chin Tack","True"
"DBIKHWAN","Muhammad Ikhwan Bin Rommel","True"
"DBCHANDRA","Chandrasekhar Boddu","True"
"DBNOEL","Noel Liberatus Jenius","True"
"DBNAQIB","Amirul Naqib Bin Razak","True"
"DBSULIYANA","Suliyana Binti Mohd Salleh","True"
