"SamAccountName","DisplayName","Enabled"
"PZYLEONG","Leong Yoot","True"
"CPWHANG","Ang Wei Han","True"
"STLMFCHUA","Chua Mei Fen","False"
"PZHKGOH","Goh Hiap Kee","True"
"ykwong","Wong Yok Koon","True"
"SVYCKONG","Kong Yik Chuan","True"
"NAWYNG","Ng Wuan Yeim","False"
"SHWKENG","Eng Wei Koon","True"
"SVLHLIM","Lim Loke Hun","True"
"SCWKTEH","Teh Wan Koon","True"
"BRKWLOKE","Loke Kin Wai","True"
"PZSHFOO","Foo Seong Hoo","True"
"JPPKTEE","Tee Poh Kun","True"
"DBLPTTAN","Tan Phaik Tian","True"
"STLPYKOK","Kok Pooi Yee","False"
"SDYSTHAM","Tham Yew Sheng","True"
"SCPSLEE","Lee Pei San","True"
"SVSPGO","Go Say Ping","True"
"PZJWTAN","Tan Ji Wee","True"
"PCTJLOW","Low Teck Jiun","False"
"SCSKLIM","Lim Siok Kiow","True"
"EBKLCHOO","Choo Kiat Lin","True"
"SCCLCHAIR","CHAIR CE LIN","True"
"SCKWTOH","Alex Toh Kian Wei","False"
"SCPKTEO","Teo Pik Kieh","True"
"SCKLGOH","Goh Kuan Lok","False"
"JPPLENG","Eng Piang Lai","True"
"SQSLPANG","Pang Seng Leong","True"
"SDPWWONG","Wong Pooi Wan","True"
"SDVOTHI","Vo Thi Thuy Linh","False"
"SCHQTHAM","Tham Hock Queen","True"
"SDTGKOH","Koh Tick Gim","True"
"DBYKKHONG","Khong Yoong Keat","True"
"BRHZLEE","Lee Hui Zro","True"
"SDXYLIM","Lim Xian Yung","True"
"SQKLPHUA","Phua Kai Liang","True"
"SDSNHEW","Hew Shih Ngen","True"
"SDHYTAN","Tan Hui Ying","False"
"SNYSSIAU","Siau Yee Shan","True"
"SDKCLIEW","Liew Kian Chong","False"
"CPKPNG","Ng Kim Poh","False"
"CPHHYEOH","Yeoh Hong Hua","False"
"CPCCYEOH","Yeoh Chin Chong","True"
"SCLWNG","Ng Lee Wah","True"
"MICYTAN","Tan Cai Yun","True"
"CPJSYAP","Yap Jian Shen","True"
"CPHCLIM","Lim Hock Chuan","False"
"CPHMLIM","Lim Hock Ming","False"
"HLKMKANG","Kang Kian Ming","True"
"DBAMANI","Amani Binti Abdul Hayei","True"
"DBATHIRAH","Ili Athirah Binti Mazlan","True"
