"SamAccountName","DisplayName","Enabled"
"DBFSCHAN","Chan Foo Sun","True"
"SCHO","Ho Swee Cheng","True"
"HLSWCHONG","Chong Seek Wai","True"
"DBCKANG","Ang Choon Keong","True"
"DBKVYEW","Yew Kar Voon","True"
"othman","Othman Abdullah","True"
"TSYUSRI","Yusrizal B. Zainol Abidin","True"
"DBWSWONG","Wong Weng Sham","True"
"KKCHONG","Chong Kim Kiang","True"
"BDZAINE","Mohmad Zaine Bin Mustafah","True"
"DBPKFONG","Fong Poi Kei","True"
"SVATEKAH","Siti Atekah Binti Anwar","True"
"STTOH","Toh Soon Teen","True"
"TSWPENG","Eng Wei Peng","True"
"DBTOTENG","Teng Teck Oon","True"
"DBLSYAP","Yap Lii Shing","True"
"DBKHCHEN","Chen Kin Hong","True"
"SSHFLEE","Lee Hin Fatt","True"
"DBLKLIT","Lit Lei Kheng","True"
"DBWJLEONG","Leong Woen Jian","True"
"ICSCLIM","Lim Seng Choon","True"
"DBCYCHAN","Eric Chan Chung Yong","True"
"DBGJCHAN","Chan Guan Jing","True"
"SCYLKHOO","Khoo Yueh Li","True"
"DBJWTAN","Tan Jiunn Wai","True"
"DBGHANG","Ang Guan Hong","True"
"DBYTTHING","Thing Yee Teong","True"
"DBSHLEE","Lee Swee Heong","True"
"DBJYYAP","Yap Jaa Yeon","True"
"DBAMELIA","Amelia Roslyn Binti Mohd Faizal","False"
"SVSYAFIQ","Amir Syafiq Bin Che Roslan","True"
"DBKHLEE","Lee Kok Hong","True"
"DBCGONG","Ong Cheong Guan","True"
"DBRASYHID","Abdul Rasyhid Bin Deruis","True"
"DBSANEO","Neo Sheah Ann","True"
"DBYSBONG","Bong Yee Seong","True"
"DBKALAI","Aaron Kalaichelvan","True"
"DVKHYAP","Yap Kok Heng","True"
"DBKLSZE","Sze Kok Lun","True"
"DBSTENLY","Stenly Joseph A/l Selvadorai","True"
"DBCTOH","Oh Chin Tack","True"
"DBSULIYANA","Suliyana Binti Mohd Salleh","True"
