"SamAccountName","DisplayName","Enabled"
"DBFSCHAN","Chan Foo Sun","True"
"SQYKTAN","Tan Yong Kwei","True"
"SQYCWEE","Wee Yih Chuan","True"
"SQSHGOH","Goh Sheng Hui","True"
"OMYSTANG","Tang Yoke Sim","True"
"SQCLYAP","Yap Cheng Ling","True"
"PZHYYAM","Yam Hor Yin","True"
"PZHCTAN","Tan Han Chuan","True"
"SCPSLEE","Lee Pei San","True"
"OMMFCHAN","Chan Ming Fei Jonathan","True"
"OMKSTEE","Tee Kok Seng","True"
"DBLSYAP","Yap Lii Shing","True"
"SQCWYAP","Yap Chek Wei","True"
"SQKHLEE","Lee Kah Heng","True"
"SQWSYIP","Yip Wai See","True"
"SQBYTEH","Edison Teh Boon Yuan","True"
"SCPKTEO","Teo Pik Kieh","True"
"SQCLCHOW","Chow Chiu Lin","True"
"SCKLGOH","Goh Kuan Lok","False"
"SQKSWONG","Wong Kee Siong","True"
"SQWJNG","Ng Wei Jie","True"
"SVWLTANG","Tang Wai Ling","True"
"OMSEPOOI","Pooi Sun Eng","True"
"SCHQTHAM","Tham Hock Queen","True"
"DBYKKHONG","Khong Yoong Keat","True"
"SQKLPHUA","Phua Kai Liang","True"
"SQSJWONG","Wong Sou Jeen","True"
"SQKSLOW","Low Kok Seng","True"
"SQCKWONG","Wong Chan Keong","True"
"SQTHWOON","Woon Teck Hoong","True"
"SCLWNG","Ng Lee Wah","True"
"OMSYPONG","Pong Sheng Yew","True"
"SVLHYAP","Yap Lee Hua","True"
"HLKMKANG","Kang Kian Ming","True"
"Testing","Andy Test Acc","True"
"SQWJNG1","Ng Wei Jian","True"
"AMHYLEONG","Leong Hooi Yee","True"
"SHCYYEO","Yeo Che Yong","True"
"PZPCCHOW","Chow Poh Chai","True"
"OMHERI","Heri Tri Nugroho Syahfudi","True"
"OMAIMEE","Salvacion, Aimee Lynn Lugo","True"
"OMWSTONG","Tong Wan Sin","True"
"OMJOHN","John Christopher Lopez Daquioag","True"
"OMDELA","Dela Cruz Maria Cristina De Leon","True"
"OMKKNG","Ng Kong Kuan","True"
"OMARIES","Aries Christopher Roque Fonseca","True"
"OMMICHAEL","Michaelson Payumo Natividad","True"
"OMEWCHIN","Chin Eng Wen","True"
"OMSELVAN","Selvan Asha","True"
"OMYHWONG","Wong Yit Hoong","True"
"OMJHTAN","Tan Joe Huang","True"
"OMWKTING","Jimmy Ting Wei Kiat","True"
"OMMLWONG","Wong Ma Li","True"
"OMPYTAN","Tan Peng Yean","True"
"OMKWLEE","Lee Kok Hwa","True"
"OMMKCHIA","Chia Mia Kern","True"
