"SamAccountName","DisplayName","Enabled"
"SCSHMAK","Mak Shin Huay","False"
"OMWSLEE","Lee Wing Seong","True"
"DBLPTTAN","Tan Phaik Tian","True"
"DBYWSOO","Soo Yew Wah","True"
"OMHUSNA","Nurul Husna Binti Taib","True"
"HLCHCHAN","Chan Chee How","True"
"DBKHWONG","Wong Kam How","True"
"SCCLCHAIR","CHAIR CE LIN","True"
"SCHHHO","Ho Hong Heng","True"
"SCLFPHANG","Phang Lin Fei","True"
"SCYLKHOO","Khoo Yueh Li","True"
"SCPYLIM","Lim Pei Yeang","True"
"DBSANEO","Neo Sheah Ann","True"
"DBIRWAN","Irwan Reedzha Bin Ishak","True"
"PBXSTAN","Tan Xui Shin","True"
"HLCPTHAM","Tham Chow Peng","False"
"SCCNCHONG","Chong Cai Ning","True"
"OMTCLEEN","Leen Tze Chun","True"
"OMZKTAN","Tan Zhen Kang","False"
"OMPYKOK","Kok Pui Yann","True"
"OMCWONG","Ong Chun Wooi","True"
"OMHLCHAI","Chai Hui Lu","True"
"OMYUSNIZA","Yusniza Binti Md Yusof","True"
"OMSJCHEW","Chew Siew Jing","True"
"OMYPSEE","See Yi Poi","True"
"OMMTCHAN","Chan Ming Tee","True"
"OMSJHONG","Hong See Jong","True"
"HLSTSEOW","Seow Soo Ting","True"
"DBAMANI","Amani Binti Abdul Hayei","True"
"DBATHIRAH","Ili Athirah Binti Mazlan","True"
"SCSAFWAN","Muhammad Safwan Bin Zaharuddin","True"
"DBSLTAN","Tan Su Ling","True"
"OMJASON","Reyes, Jason Ricks V.","True"
"SCKSTAN","Tan Kit Siang","True"
"DBKHAIRUN","Khairunnisa Binti Ja'afar","True"
"OMCSYOO","Yoo Chai Sing","True"
"OMGYYAT","Yat Guo Yao","True"
"DBNAQIB","Amirul Naqib Bin Razak","True"
