"SamAccountName","DisplayName","Enabled"
"SNSKLIM","Lim Seng Kar","True"
"DBCGCHONG","Chong Chee Gwen","True"
"SNCSPHANG","Phang Chee Seng","True"
"SNWYCHAN","Chan Weng Yew","True"
"JSCHOO","Choo Joo Sun","False"
"SNSCTHEN","Then Siow Chin","True"
"SNCYCHUNG","Chung Chiew Yong","True"
"DBFHLEE","Lee Fong Han","True"
"PZHGVOON","Voon Hau Guan","True"
"SNTLLI","Li Tsien Lung","True"
"SNSHMAH","Mah Siew Hooi","True"
"SNALTEO","Teo Ai Lee","True"
"TMLQTEH","Teh Li Qi","False"
"SNKCONG","Ong Kar Chun","True"
"SNPMYONG","Yong Pui Mun","True"
"SNALIF","Alif Adam Bin Mazalan","True"
"SCHQTHAM","Tham Hock Queen","True"
"SNCEGAN","Alvin Gan Chun Eng","True"
"SNBLKOAY","Koay Bee Luon","True"
"SNYCTHAM","Tham Yew Cheng","True"
"SVHCCHEAH","Cheah Hui Cheng","True"
"SNMLCHNG","Chng Ming Li","True"
"SNVIJAYA","Vijayalakshmi M. Shanmugam","True"
"SNYSLUI","Lui Yuan Sheng","True"
"SNCHCHIA","Chia Chiu Hoong","True"
"SNTSTEE","Tee Ting Siew","True"
