"SamAccountName","DisplayName","Enabled"
"MBSRKOH","Koh Swee Rong","True"
"HLLSNEO","Neo Li Sze","True"
"MISLCHEN","Chen Shyong Liong","True"
"MISWLAW","Law Soon Wei","True"
"MIKSLOH","Loh Kim Sern","True"
"HLLFLOH","Loh Loong Fatt","True"
"MILYLIEW","Liew Li-yen","True"
"MIHSKHOO","Khoo Hong Seang","True"
"MIYFLIM","Lim Year Fong","True"
"MICPTEH","Teh Chee Poh","True"
"MICHCHONG","Chong Chen Hao","True"
"YKTAN","Tan Yeaw Khai","True"
"MBCCGOH","Goh Chai Chin","True"
"MIBTLEE","Alexander Lee Beng Theam","True"
"MIMSLOW","Low Mei Shin","True"
"MICWWONG","Wong Choong Wai","True"
"Testing","Andy Test Acc","True"
"MBXHHAW","Haw Xue Han","True"
"MBMYTAN","Tan Meng Yee","True"
"SMSWLIM","Lim Shau Wen","True"
"MIWMCHEE","Chee Weng Mun Daniel","True"
"MIFARAH","Farah Nursyahirah Binti Razak","True"
"MIKLLEE","Lee Kun Long","True"
"MBCHCHAI","Chai Chee Hung","True"
"MICTTEOH","Teoh Chin Teik","True"
