"SamAccountName","DisplayName","Enabled"
"SCHO","Ho Swee Cheng","True"
"SVMICHEL","Michel Dass A/L Ambrose","True"
"TSHMNG","Ng Huei Mei","True"
"SVLHLIM","Lim Loke Hun","True"
"SVZULHASMI","Mohd Zulhasmi Bin Md Yusop","True"
"SVMYSARA","Mysara Binti Mohd Zainal","True"
"SCLMKOO","Koo Lai Mun","True"
"SVYCYEOW","Yeow Yee Cherng","True"
"SVSPGO","Go Say Ping","True"
"SVAZMIR","Azmir Bin Zakaria","True"
"SVAZLI","Azli Effendi Bin Said","True"
"SVROZI","Rozi Bin Osman @ Othman","True"
"BDZAINE","Mohmad Zaine Bin Mustafah","True"
"SVWHNG","Nelson Ng Weng Hwa","True"
"SOPLYHUE","Hue Lih Yng","True"
"SOPYTKOO","Koo Yew Tat","True"
"SVATEKAH","Siti Atekah Binti Anwar","True"
"TSKELIAN","Andy Lian Keat Ee","True"
"TSWPENG","Eng Wei Peng","True"
"PBBPCHEN","Chen Boon Peng","True"
"BRALI","Muhamad Ali Hanafiah Bin Anwar","True"
"DBCGCHONG","Chong Chee Gwen","True"
"DBKUMAR","Kumaresan A/l Tachina Moorthi","True"
"SVPLKU","Ku Pei Li","True"
"FBJDPHANG","Phang Jiun Dar","True"
"BRKHYAP1","Yap Kean Huat","True"
"BRCYTEOH","Teoh Choong Yee","True"
"BRSTLAO","Lao Soo Teng","True"
"SVWLTANG","Tang Wai Ling","True"
"SVKWLIM","Joe Lim Kim Wee","True"
"SVCKNG","Ng Chin Kok","True"
"TSHPLING","Celia Ling Hua Pei","True"
"TSSLTOK","Tok Swee Lian","True"
"BRHZLEE","Lee Hui Zro","True"
"SVHERU","Heru Wirasto","True"
"SNYSSIAU","Siau Yee Shan","True"
"BRKMCHEONG","Cheong Kang Ming","True"
"TSSLDIA","Dia Siew Lan","True"
"TSSGGOH","Goh Soo Geik","True"
"SVCWLEONG","Leong Chee Wai","True"
"SOPMCLIM","Lim Meng Chee","True"
"SVASYWAL","Asywal Iezzat Bin Osman","True"
"BRPYSIN","Sin Pik Yian","True"
"MICYTAN","Tan Cai Yun","True"
"SVWKLOONG","Loong Wai Kuan","True"
"SVBCCHOO","Choo Bit Chan","True"
"SVBAKAR1","Mohd Bakaruddin Bin Abu Bakar","True"
"TSCFCHEAH","Cheah Chaw Feng","True"
"SVMLLEONG","Leong Miew Ling","True"
"BRFIRHAN","Firhan Binti Ismail","True"
"AMDYTING","Ting Dioung Yuan","True"
"EBYCKUO","Kuo Yoke Chin","True"
"EBSWFONG","Fong Sau Weng","True"
"PBSPLENG","Leng See Pin","True"
"SVSHAFIAN","Mohd Shafian Bin Mohd Bohari","True"
"BRHSTAN","Tan Hoe Soon","True"
"BRPYCHOONG","Choong Pei Yee","True"
"SVCFLE","Le Chew Fang","True"
"SVNOORAZIA","Noorazian Bin Mohamed Yusoff","True"
"SSWSYONG","Yong Woon Sheng","True"
"SHYLCHUNG","Chung Yi Loon","True"
"TSLOSHNEE","Loshnee A/p Balakrishna","True"
"TSNORLIZAN","Norlizan Binti Zainal Abidin","True"
"SVHLTEE","Tee Hui Ling","True"
"SVBAWAN","Guna Bawan A/l Baladisnan","True"
"TSKSFOONG","Victor Foong Kean Seng","True"
"SVJMLEE","Lee Jian Ming","True"
"AMHYLEONG","Leong Hooi Yee","True"
"SHCYYEO","Yeo Che Yong","True"
"BRSBLIM","Lim Swee Ben","True"
"BRSKYII","Yii Sing Khing","True"
"BRSWNG","Ng Soon Wei","False"
"BRJBKHOR","Khor Joo Bien","True"
"BRAINI","Aini Hayati Binti Anuar","True"
"BRYCLEE","Lee Yew Cherng","True"
"BRKXNG","Ng Kai Xian","True"
