"SamAccountName","DisplayName","Enabled"
"CKCHONG","Chong Chin Kiong","True"
"SCHO","Ho Swee Cheng","True"
"SQYKTAN","Tan Yong Kwei","True"
"SQYCWEE","Wee Yih Chuan","True"
"ykwong","Wong Yok Koon","True"
"TSMSLIM","Lim Meng Song","True"
"SQSHGOH","Goh Sheng Hui","True"
"SQCLYAP","Yap Cheng Ling","True"
"DBSLLIM","Lim Shen Long","True"
"SDSWFOO","Foo Suan Wee","True"
"SQKLWONG","Wong Kai Ling","True"
"SQTGLOY","Loy Teik Gan","True"
"SDHYSEE","See To Han Yun","True"
"DBYLCHAN","Chan Yee Ling","True"
"SQYCSEOW","Seow Yann Chong","True"
"TSKELIAN","Andy Lian Keat Ee","True"
"TSWPENG","Eng Wei Peng","True"
"SSPCLOW","Low Ping Cheong","True"
"DBCGCHONG","Chong Chee Gwen","True"
"HLSHCHAN","Chan Siew Har, Veronica","True"
"SQKWMOO","Moo Kah Way","True"
"SQCPSOH","Soh Chan Ping","True"
"SQCWYAP","Yap Chek Wei","True"
"SQKHLEE","Lee Kah Heng","True"
"SQWSYIP","Yip Wai See","True"
"SQBYTEH","Edison Teh Boon Yuan","True"
"SQCLCHOW","Chow Chiu Lin","True"
"JPPLENG","Eng Piang Lai","True"
"SQHCOU","Ou Hooi Ching","True"
"SQKSWONG","Wong Kee Siong","True"
"SQWJNG","Ng Wei Jie","True"
"SQSLPANG","Pang Seng Leong","True"
"TSBCTAN","Tan Bee Ching","True"
"DBGHANG","Ang Guan Hong","True"
"BRHZLEE","Lee Hui Zro","True"
"PZKSNG","Ng Kim Sing","True"
"SQKLPHUA","Phua Kai Liang","True"
"SQSJWONG","Wong Sou Jeen","True"
"TSSGGOH","Goh Soo Geik","True"
"DBSELEONG","Leong Soon Ee","True"
"SQTHTAN","Tan Tian Heng","True"
"SQKSLOW","Low Kok Seng","True"
"SQCKCHONG","Chong Choon Kang","True"
"SVLYLIM","Lim Lee Yong","True"
"SQYHWONG","Wong Yeong Han","True"
"SQCKWONG","Wong Chan Keong","True"
"SQTHWOON","Woon Teck Hoong","True"
"SVYKTAN","Tan Yeet Kuang","True"
"SQKFLEONG","Leong Kooi Fah","True"
"SQSFCHAM","Cham Soh Fei","True"
"SQJCWONG","Wong Jyy Chin","True"
"SQPCKONG","Kong Peng Chian","True"
"SQKCSHI","Shi Kee Ching","True"
"TMYWTAN","Tan Yuen Wai","False"
"SQKKWONG","Wong Kian Kok","True"
