"SamAccountName","DisplayName","Enabled"
"DBFSCHAN","Chan Foo Sun","True"
"CLTAN1","Tan Chiang Lee","True"
"DBKVYEW","Yew Kar Voon","True"
"OOI","Goh Chuan Ooi","True"
"DBSLLIM","Lim Shen Long","True"
"SSTAN","Tan Su Sian","True"
"peter","Chin Li Wai","True"
"DBPKFONG","Fong Poi Kei","True"
"DBYLCHAN","Chan Yee Ling","True"
"HLCHCHAN","Chan Chee How","True"
"DBTOTENG","Teng Teck Oon","True"
"DBLSYAP","Yap Lii Shing","True"
"FAKHRUL","Fakhrul Anwar A.Rahim","True"
"DBYFSEW","Sew Yih Feng","True"
"DBLKLIT","Lit Lei Kheng","True"
"SCLFPHANG","Phang Lin Fei","True"
"ICSCLIM","Lim Seng Choon","True"
"DBGJCHAN","Chan Guan Jing","True"
"DBNADHIRAH","Nadhirah Binti Mat Salim","True"
"DBJSOWI","Owi Jee Siang","True"
"DBGHANG","Ang Guan Hong","True"
"DBYTTHING","Thing Yee Teong","True"
"DBSHLEE","Lee Swee Heong","True"
"DBJYYAP","Yap Jaa Yeon","True"
"DBKHLEE","Lee Kok Hong","True"
"DBCGONG","Ong Cheong Guan","True"
"DBYFTEO","Teo Yi Feng","True"
"DBRASYHID","Abdul Rasyhid Bin Deruis","True"
"DBYSBONG","Bong Yee Seong","True"
"DBSATHY","Sathybabu A/l Paiduthaly","True"
"DBSAFWAN1","Safwan Arif Bin Zahardin","True"
"HSSIET","Siet Hong Seng","True"
"SLGOH","Goh Shiou Ling","True"
"DBCASSIE","Anthony Anne Cassie","True"
"DBSTLEONG","Leong Swee Ting","True"
"DVKHYAP","Yap Kok Heng","True"
"DBPSKONG","Kong Pak Seong","True"
"SCLTTAN","Tan Lian Tang","True"
"DBKLSZE","Sze Kok Lun","True"
"DBSHKOH","Koh Sok Hoon","True"
"SCCNCHONG","Chong Cai Ning","True"
"SCJQWAN","Wan Jun Qi","False"
"KHWONG","Ray Wong","True"
"EDMUND","Edmund Chiu Pak Ngiu","True"
