"Domain ID","Full Name","Account Status"
"PZYLEONG","Leong Yoot","True"
"CKCHONG","Chong Chin Kiong","False"
"DBFSCHAN","Chan Foo Sun","True"
"JPGYTAN","Tan Guat Yian","True"
"CPWHANG","Ang Wei Han","True"
"PZHKGOH","Goh Hiap Kee","True"
"SCHKTEW","Tew Hoe Kheng","True"
"KKCHONG","Chong Kim Kiang","True"
"BRKWLOKE","Loke Kin Wai","True"
"PZSHFOO","Foo Seong Hoo","True"
"PZSLEE","Lee Sang","True"
"SCCKANG","Ang Choon Kiat","True"
"PZHYYAM","Yam Hor Yin","True"
"PZWWANG","Wang Wood","False"
"PZHCTAN","Tan Han Chuan","True"
"PZKPLEE","Eugene Lee Kim Peng","True"
"JPKSCHAI","Chai Kain Soon","True"
"PZYLCHIN","Chin Yen Ling","True"
"PZALCHEAH","Cheah Ai Ling","True"
"PZJWLOW","Low Juen Wai","True"
"PZJWTAN","Tan Ji Wee","True"
"PZCWLEONG","Leong Ching Wen","True"
"PZCCNG","Ng Chee Cheng","True"
"SNKKLIM","Lim Kien Kiat","True"
"PZHGVOON","Voon Hau Guan","True"
"EBKHLIAW","Liaw Kuai Hong","True"
"JPTWCHAN1","Chan Teck Wah","True"
"PZFATHI","Fathi Amira Bt Mohamad Zukriyani","True"
"PZHICHEONG","Cheong Hui Ing","True"
"BRRADZUAN","Muhamad Radzuan Bin Razali","True"
"HKKCLEONG","Leong Kok Chee","True"
"SNBLKOAY","Koay Bee Luon","True"
"Testing","Andy Test Acc","True"
"EBKSMOH","Moh Kok Seng","True"
"CPAZLINA","Azlina Binti Mohamed","True"
"PZKSNG","Ng Kim Sing","True"
"PZWLNG","Ng Wai Lim","True"
"PZSLLOO","Loo Soo Lan","True"
"CPKPNG","Ng Kim Poh","False"
"CPCCYEOH","Yeoh Chin Chong","False"
"PZTKKOH","Koh Thong Kiat","True"
"PZROB","Rob Clayton","True"
"PZZWSHUM","Shum Zhen Wei","True"
"CPJSYAP","Yap Jian Shen","True"
"EBCKCHEW","Chew Chee Kheun","True"
"PZSYAZWIN","Syazwin Hana Bt Md Yusoff","True"
"PZPLTAN","Tan Pei Leng","True"
"PZEMY","Emy Isnaini Binti Md Nasir","True"
"PZANISAH","Anisah Rafidah Binti Yaacob","True"
"PZCKNG","Ng Chi Kuan","True"
"PZHAKIM","Abdul Hakim Bin Zainal Abidin","True"
"PZDANIEL","Daniel Johan Bin Abdul Rahman","True"
"PZSHAHMIR","Shahmir Bin Roshidi","True"
"PZPUVA","Puvaneswari A/p Vijayakumaran","True"
"PZALIN","Alin Noor Fiswani Binti Agussalim","True"
"SVYYYEE","Yee Yek Yien","True"
"PZJQNG","Ng Jia Qin","True"
"PZKYWONG","Wong Kah Yuen","True"
"BRSBLIM","Lim Swee Ben","True"
"PZYCOWI","Owi Yee Chee","True"
"PZAMIR","Amir Afiq Bin Iskandar","True"
"PZPNBONG","Bong Pao Ngen","True"
"JPCLWONG","Wong Chei Ling","True"
"BRVINAY","Vinay Kumar Mandava","True"
"PZLMTEOH","Teoh Li Mei","True"
"PZPCCHOW","Chow Poh Chai","True"
"PZTQKOO","Desmond Koo Tze Qing","True"
"CPLHGAN","Gan Loon Hui","True"
"CPYLWONG","Wong Yong Lin","True"
"EBKPTAN","Tan Kok Pin, Jason","True"
"PZWILLIE","Yeoh Willie","True"
"CPCMLAI","Lai Choon Meng","True"
"PZJHTEE","Tee Jing Huey","True"
"PZJLTAN","Tan Jia Lok","True"
"SCYCONG","Mark Andrew Ong Yih Chao","True"
"PZTLLEE","Lily Lee Tze Lyn","True"
"CPJWTAN","Tan Jee Wang","True"
"Y69.tst03","Kok Wai Yap 03","True"
"PZJDLU","Lu Jin Dang","True"
"SOPNURUL","Nurul Hanis Binti Shamsudin","True"
"SOPAMIRAH","Noor Amirah Sofea Binti Mohd Faudzi","True"
"SOPSYAHIRA","Nur Syahirah Binti Shaari","True"
"AMREYMARK","Reymark Especial Santos","True"
"IPMYLEONG","Leong Mun Yew","True"
"IPSMLEE","Lee Sai Mun","True"
"PZKMMAK","Mak Kam Ming","True"
