"Domain ID","Full Name","Account Status"
"SDTSWONG","Wong Teck Sheng","True"
"DBFSCHAN","Chan Foo Sun","True"
"HLSWCHONG","Chong Seek Wai","True"
"DBCKANG","Ang Choon Keong","True"
"DBKVYEW","Yew Kar Voon","True"
"othman","Othman Abdullah","True"
"TSYUSRI","Yusrizal B. Zainol Abidin","True"
"DBWSWONG","Wong Weng Sham","True"
"DBSLLIM","Lim Shen Long","True"
"BRKWLOKE","Loke Kin Wai","True"
"PZSHFOO","Foo Seong Hoo","True"
"PZHCTAN","Tan Han Chuan","True"
"DBLPTEE","Tee Lay Peng","True"
"STLPYKOK","Kok Pooi Yee","False"
"BDZARINA","Zarina Binti Haji Abdul Rahman","True"
"SCPSLEE","Lee Pei San","True"
"SDSWFOO","Foo Suan Wee","True"
"SDCKLEE","Lee Chun Keat","True"
"SDYLHO","Ho Yau Ling","False"
"PZYLCHIN","Chin Yen Ling","True"
"BDZAINE","Mohmad Zaine Bin Mustafah","False"
"SDCSLEE","Lee Chee Sun","False"
"BMYZKHOW","Khow Yee Zhan","False"
"DBPKFONG","Fong Poi Kei","True"
"UPLLCHEAH","Cheah Li Lian","True"
"UPYMWONG","Wong Yew Mun","True"
"SDHYSEE","See To Han Yun","True"
"DBYLCHAN","Chan Yee Ling","True"
"SVATEKAH","Siti Atekah Binti Anwar","True"
"TSWPENG","Eng Wei Peng","True"
"DBTOTENG","Teng Teck Oon","True"
"BDBAKAR","Abu Bakar B Yunus","True"
"SCSKLIM","Lim Siok Kiow","True"
"DBLSYAP","Yap Lii Shing","True"
"FAKHRUL","Fakhrul Anwar A Rahim","True"
"SCCLCHAIR","CHAIR CE LIN","True"
"DBKHCHEN","Chen Kin Hong","True"
"SCPKTEO","Teo Pik Kieh","True"
"SDCYCHONG","Chong Chin Yee","True"
"SCHHHO","Ho Hong Heng","True"
"SCKLGOH","Goh Kuan Lok","False"
"DBLKLIT","Lit Lei Kheng","True"
"SCLFPHANG","Phang Lin Fei","True"
"SDPWWONG","Wong Pooi Wan","True"
"DBWJLEONG","Leong Woen Jian","True"
"ICSCLIM","Lim Seng Choon","True"
"DBGJCHAN","Chan Guan Jing","True"
"DBNADHIRAH","Nadhirah Binti Mat Salim","True"
"SDGYTAI","Tai Geng Yong","True"
"DBFHLEE","Lee Fong Han","True"
"DBJWTAN","Tan Jiunn Wai","True"
"SCPYLIM","Lim Pei Yeang","True"
"DBCYCHANG","Chang Choon Yoong","True"
"DBHAZIZAN","Hazizan Bin Harun","True"
"DBGHANG","Ang Guan Hong","True"
"DBYOTI","Mohd Yoti Bin Yaacob","True"
"DBSHAM","Mohamad Shamsuddin Bin Haji Shuib","True"
"DBCGONG","Ong Cheong Guan","True"
"Testing","Andy Test Acc","True"
"DVKHYAP","Yap Kok Heng","False"
"TSBCTAN","Tan Bee Ching","False"
"DBYTTHING","Thing Yee Teong","True"
"DBSHLEE","Lee Swee Heong","True"
"DBJYYAP","Yap Jaa Yeon","True"
"SDPFLEE","Lee Pei Fen","True"
"SDTGKOH","Koh Tick Gim","True"
"SDLCGOH","Goh Lai Chai","False"
"SVSYAFIQ","Amir Syafiq Bin Che Roslan","True"
"SDHMTAY","Tay Hee Ming","True"
"SDWHYAN","Yan Wei Han","True"
"SDKLKWEE","Kwee Kher Lee","True"
"DBYSBONG","Bong Yee Seong","True"
"SDHHTAN","Mathew Tan Honn How","True"
"SDWTNGOH","Ngoh Wan Ting","True"
"SDMMLEONG","Leong Mun Mun","True"
"SDLCTAN","Tan Lian Chun","True"
"SDJEYAP","Yap Jun Een","False"
"SDJHHENG","Heng Jun Hao","False"
"SDSSSAW","Saw Soon Siong","True"
"SCLTTAN","Tan Lian Tang","True"
"DBKHLEE","Lee Kok Hong","True"
"DBSATHY","Sathybabu A/l Paiduthaly","True"
"DBRASYHID","Abdul Rasyhid Bin Deruis","True"
"DBPSKONG","Kong Pak Seong","True"
"DBSAFWAN1","Safwan Arif Bin Zahardin","True"
"SCJWSZE","Sze Jian Wei","True"
"SDSITI","Siti Farah Nasehah Binti Mukhlis","True"
"DBKLSZE","Sze Kok Lun","True"
"SDRIYAJ","Riyajuddin Shaik","True"
"SCCNCHONG","Chong Cai Ning","True"
"SDMASETTY","Masetty Mani Kishore","True"
"SCJQWAN","Wan Jun Qi","False"
"DBSHKOH","Koh Sok Hoon","True"
"SDDILEEP","Dileep Kumar Raju Konduru","True"
"SDJBE","E Jin Bing","True"
"SDLALITHA","Lalitha Yadlapalli","True"
"DBSTENLY","Stenly Joseph A/l Selvadorai","True"
"SDCLYAP","Yap Choon Lin","True"
"DBHANANI","Hanani Huda Binti Fadzil","True"
"SDWKNG","Ng Wei Ken","True"
"SDWCTSENG","Christopher Tseng Wen Chao","True"
"DBCTOH","Oh Chin Tack","True"
"DBWAN","Wan Aziah Alia Binti Wan Mohamed","True"
"SDCYGOH","Goh Chun Yi","True"
"BDNAZIRUL","Muhammad Nazirul Amin Bin Abdul","True"
"SDDXTTHAO","Do Xuan Thanh Thao","False"
"OMSJCHEW","Chew Siew Jing","True"
"SDWTLAI","Lai Woon Tzer","True"
"SCSAFWAN","Muhammad Safwan Bin Zaharuddin","True"
"SDYENDLURI","Vemanarayana Yendluri","False"
"BDSAIFUL","Saiful Riza Bin Ishak","True"
"SDBANDI","Bandi Naga Vidyadhar","True"
"SDHYYEW","Yew Huey Yee","False"
"DBNOEL","Noel Liberatus Jenius","True"
"DBSULIYANA","Suliyana Binti Mohd Salleh","True"
