"Domain ID","Full Name","Account Status"
"BRKWCHONG","Chong Kok Wei","False"
"SCWHWONG","Wong Wan Huei","True"
"SHYHOOI","Ooi Yong Hui","True"
"SVAZMIR","Azmir Bin Zakaria","True"
"HLCGTAN","Tan Chong Guan","True"
"HLWWLEE","Lee Wee Wang","True"
"HLJYCHIAM","Chiam Joy Young","True"
"EBYYTENG","Teng Yen Yen","False"
"EBKHLIAW","Liaw Kuai Hong","True"
"PBYFLAI","Lai Yin Fong","True"
"PZZWSHUM","Shum Zhen Wei","True"
"SVBCCHOO","Choo Bit Chan","True"
"SQJCWONG","Wong Jyy Chin","True"
"BRPYCHOONG","Choong Pei Yee","True"
"PZCKNG","Ng Chi Kuan","True"
"DBLKYEE","Yee Lai Kwan","True"
