"Domain ID","Full Name","Account Status"
"DBCKANG","Ang Choon Keong","True"
"DBWSWONG","Wong Weng Sham","True"
"DBKHCHEN","Chen Kin Hong","True"
"DBLKLIT","Lit Lei Kheng","True"
"DBWJLEONG","Leong Woen Jian","True"
"DBJWTAN","Tan Jiunn Wai","True"
"DBCYCHANG","Chang Choon Yoong","True"
"DBSHAM","Mohamad Shamsuddin Bin Haji Shuib","True"
"DBIRWAN","Irwan Reedzha Bin Ishak","False"
"DVKHYAP","Yap Kok Heng","False"
"DBYSBONG","Bong Yee Seong","True"
"DBKALAI","Aaron Kalaichelvan","True"
"DBCFLEE","Lee Chui Fong","True"
"DBHANANI","Hanani Huda Binti Fadzil","True"
"DBNOEL","Noel Liberatus Jenius","True"
"DBSULIYANA","Suliyana Binti Mohd Salleh","True"
