"Domain ID","Full Name","Account Status"
"SMUMMI","Ummi Rawaida Binti Muhamed","True"
"SMKFLIEW","Liew Ken Fuu","True"
"SMLEONG","Leong Siew Mei Katherine","True"
"SMCLTAY","Tay Choo Ling","True"
"SMAZWANI","Azwani Binti Abdul Wahab","True"
"SMSHAH","Shahirul Anwar Bin Abdul Manap","True"
"SMASLIZA","Asliza Binti Yusoff","True"
"SMBKLEE","Lee Boon Kem","True"
"SMSWLIM","Lim Shau Wen","True"
"SMKWCHEAH","Cheah Kar Weai","True"
"SMSSTEAW","Teaw Soon Shin","True"
"SMSYUHAIDA","Syuhaida Binti Ariffin","True"
"SMBCTHANG","Thang Boon Cheng","True"
"SMHAFIZ","Mohd Hafiz Bin Sapuan","True"
"SMJYCHANG","Chang Jia Yaw","False"
"SMJJLIM","Lim Jin Jie","True"
"SMSWTAY","Tay Swee Wei","True"
"SMCHEW","Chew See Min","True"
