"Domain ID","Full Name","Account Status"
"SNSKLIM","Lim Seng Kar","True"
"DBCGCHONG","Chong Chee Gwen","True"
"SNCSPHANG","Phang Chee Seng","True"
"SNWYCHAN","Chan Weng Yew","True"
"JSCHOO","Choo Joo Sun","False"
"SNSCTHEN","Then Siow Chin","True"
"SNCYCHUNG","Chung Chiew Yong","True"
"DBFHLEE","Lee Fong Han","True"
"PZHGVOON","Voon Hau Guan","True"
"SNTLLI","Li Tsien Lung","True"
"SNKCONG","Ong Kar Chun","True"
"SNSHMAH","Mah Siew Hooi","True"
"SNALTEO","Teo Ai Lee","True"
"TMLQTEH","Teh Li Qi","False"
"SVHCCHEAH","Cheah Hui Cheng","True"
"SNPMYONG","Yong Pui Mun","True"
"SNALIF","Alif Adam Bin Mazalan","True"
"SNCEGAN","Alvin Gan Chun Eng","True"
"SCHQTHAM","Tham Hock Queen","False"
"SNBLKOAY","Koay Bee Luon","True"
"SNCHCHIA","Chia Chiu Hoong","True"
"SNYCTHAM","Tham Yew Cheng","True"
"SNMLCHNG","Chng Ming Li","True"
"SNVIJAYA","Vijayalakshmi M. Shanmugam","True"
"SNYSLUI","Lui Yuan Sheng","True"
"SNTSTEE","Tee Ting Siew","True"
