"Domain ID","Full Name","Account Status"
"MBSRKOH","Koh Swee Rong","True"
"HLLSNEO","Neo Li Sze","True"
"MISLCHEN","Chen Shyong Liong","False"
"MILYLIEW","Liew Li-yen","True"
"MISWLAW","Law Soon Wei","True"
"MIHSKHOO","Khoo Hong Seang","True"
"MIKSLOH","Loh Kim Sern","True"
"MIYFLIM","Lim Year Fong","True"
"MICPTEH","Teh Chee Poh","True"
"MICHCHONG","Chong Chen Hao","True"
"YKTAN","Tan Yeaw Khai","True"
"HLLFLOH","Loh Loong Fatt","True"
"MBCCGOH","Goh Chai Chin","True"
"MIBTLEE","Alexander Lee Beng Theam","True"
"MIMSLOW","Low Mei Shin","True"
"MICWWONG","Wong Choong Wai","True"
"MBXHHAW","Haw Xue Han","True"
"MBMYTAN","Tan Meng Yee","True"
"SMSWLIM","Lim Shau Wen","True"
"MIWMCHEE","Chee Weng Mun Daniel","True"
"MIFARAH","Farah Nursyahirah Binti Razak","True"
"MIKLLEE","Lee Kun Long","True"
"MBCHCHAI","Chai Chee Hung","True"
"MICTTEOH","Teoh Chin Teik","True"
