"Domain ID","Full Name","Account Status"
"DBCKANG","Ang Choon Keong","True"
"DBTOTENG","Teng Teck Oon","True"
"DBKHCHEN","Chen Kin Hong","True"
"SQSLPANG","Pang Seng Leong","True"
"DBFHLEE","Lee Fong Han","True"
"DBYOTI","Mohd Yoti Bin Yaacob","True"
"DBCGONG","Ong Cheong Guan","True"
"SVSYAFIQ","Amir Syafiq Bin Che Roslan","True"
"DBSELEONG","Leong Soon Ee","True"
"DBYFTEO","Teo Yi Feng","True"
"DBCWLEE","Lee Chee Wang","True"
"DBPSKONG","Kong Pak Seong","True"
"DBWAN","Wan Aziah Alia Binti Wan Mohamed","True"
"OMSJCHEW","Chew Siew Jing","True"
"DBSYLIM","Lim Sock Yong","True"
"HLSTSEOW","Seow Soo Ting","True"
"DBIKHWAN","Muhammad Ikhwan Bin Rommel","True"
"DBRASIKA","Rasika Nimali Rathnayaka","False"
"DBNAQIB","Amirul Naqib Bin Razak","True"
"DBHYTAN","Tan Hui Yi","True"
"DBSHTAN","Tan Sia Hong","True"
