"Domain ID","Full Name","Account Status"
"DBKHCHEN","Chen Kin Hong","True"
"DBGHANG","Ang Guan Hong","True"
"DBJYYAP","Yap Jaa Yeon","True"
"SVSYAFIQ","Amir Syafiq Bin Che Roslan","True"
"DBYSBONG","Bong Yee Seong","True"
"DBKHLEE","Lee Kok Hong","True"
"DBPSKONG","Kong Pak Seong","True"
"DBCTOH","Oh Chin Tack","True"
"DBSYLIM","Lim Sock Yong","True"
"UCCECILIA","Cecilia Jacinto","True"
"UCDILLERA","Dillera, Mila R.","True"
"UCMACAWILE","Macawile, Maricel A.","True"
"UCBENJAMIN","Bernardo, Benjamin T.","True"
"UCJASON","Reyes, Jason Ricks V.","True"
"UCJHED","Dumago, Jhed Joar A.","True"
"UCJAY","Sanvictores, Jay-r D.","True"
"UCMYRA","Grullo, Myra D.","True"
"UCALLAN","Detera, Allan Benedict D.","True"
"UCABBIGAIL","Ranola, Abbigail D.","True"
"UCHAZELLE","Dulay, Hazelle S.","True"
"UCRENMARK","Israita, Renmark P.","True"
