"Domain ID","Full Name","Account Status"
"BRWKCHAN","Chan Weikytt","True"
"SVYCKONG","Kong Yik Chuan","True"
"AMPHILLIP","Phillip Goh","True"
"BRSYLEONG","Leong Soon Yan","True"
"EBCPTAN","Tan Chin Poh","True"
"SCHKTEW","Tew Hoe Kheng","True"
"BRKWLOKE","Loke Kin Wai","True"
"SCWHWONG","Wong Wan Huei","True"
"SVCLYEO","Yeo Choon Lee","True"
"AMLKLOO","Loo Lai Kuan","True"
"SVYCYEOW","Yeow Yee Cherng","True"
"SHCYLEONG","Leong Chee Yong","True"
"SVSPGO","Go Say Ping","True"
"SVAZMIR","Azmir Bin Zakaria","True"
"BRSITI","Siti Mahanim Binti Mohamad","True"
"BRCLCHAN","Chan Chui Lan","True"
"BRCYTEOH","Teoh Choong Yee","True"
"SVATEKAH","Siti Atekah Binti Anwar","True"
"BRALI","Muhamad Ali Hanafiah Bin Anwar","False"
"SVCFLE","Le Chew Fang","True"
"SNCSPHANG","Phang Chee Seng","True"
"SVPLKU","Ku Pei Li","True"
"EBTWWONG","Wong Tong Weng","True"
"BRSTLAO","Lao Soo Teng","True"
"PZCCNG","Ng Chee Cheng","True"
"SVYPGOH","Goh Yan Ping","True"
"SQCLCHOW","Chow Chiu Lin","True"
"SNCYLAI","Lai Chew Yeen","True"
"SVYYSON","Son Yeo Yiin","True"
"SVPSLIM","Lim Pei Sze","True"
"SNSCTHEN","Then Siow Chin","True"
"BRKADER","Kader Ibrahim Bin Amirali","True"
"SVHCCHEAH","Cheah Hui Cheng","True"
"SVCWLEONG","Leong Chee Wai","True"
"SNPMYONG","Yong Pui Mun","True"
"EBJRLEONG","Leong Jia Rong","True"
"BRRADZUAN","Muhamad Radzuan Bin Razali","True"
"PBYFLAI","Lai Yin Fong","True"
"BRCENG","Ng Chong Eng","True"
"HKKCLEONG","Leong Kok Chee","True"
"BRGSKOH","Koh Guan Siu","True"
"HKYCNG","Ng Yee Chern","True"
"SVSCCHIN","Chin Shiew Chuang","True"
"EBETCHNG","Ch'ng Eng Thye","True"
"PBCYHUANG","Huang Chee Yoong","True"
"BRRITA","Mashurita Binti Md Dahari","True"
"BRHILMI","Mohd Hilmi Bin Azli","True"
"SVSYAFIQ","Amir Syafiq Bin Che Roslan","True"
"DBYSCHEAN","Chean Yeok Siong","True"
"DBSHAH","Shahelal Bin Jalal","True"
"AMKSSIM","Sim Kwang Shuen","True"
"HKYKYAM","Yam Yew Khin","True"
"SVSHNGAI","Ngai Shi Hao","True"
"AMYJCHAM","Alvin Cham Yingjhia","True"
"SOPMCLIM","Lim Meng Chee","True"
"SOPKHKUEH","Kueh King Hock","True"
"CPKPNG","Ng Kim Poh","False"
"BRCKNG","Ng Cheng Kheng","True"
"BRLMCHEN","Chen Lee Me","True"
"BRPYSIN","Sin Pik Yian","True"
"PZTKKOH","Koh Thong Kiat","True"
"PZZWSHUM","Shum Zhen Wei","True"
"CPJSYAP","Yap Jian Shen","True"
"SNYSSIAU","Siau Yee Shan","True"
"BRYWLOK","Lok Yee Wan","True"
"BRYYNGO","Ngo Yi Yoong","True"
"BRYFLAI","Lai Yee Fong","True"
"SVBCCHOO","Choo Bit Chan","True"
"SVWKLOONG","Loong Wai Kuan","True"
"BRKHLAU","Lau Kin Han","True"
"BRBYKHOO","Khoo Boo Yang","True"
"SNYSLUI","Lui Yuan Sheng","True"
"SQJCWONG","Wong Jyy Chin","True"
"BRTGOOI","Ooi Tian Guan","True"
"PBRJNG","Ng Ren Jian","True"
"BRFIRHAN","Firhan Binti Ismail","True"
"BRWJQUAH","Quah Wee Joo","True"
"BRZAKI","Mohammad Zaki Bin Mazlan","True"
"SHLFTEY","Tey Lay Fun","True"
"AMSWWONG","Wong Sin Wah","True"
"SHCHDING","Ding Chew Hoong","False"
"SVMLLEONG","Leong Miew Ling","True"
"SVSALEE","Lee Su Anne","True"
"AMMSLEE","Lee Meng Soon","True"
"BRTSLIOW","Liow Tien Siong","True"
"EBIKFONG","Fong Ing Keong","True"
"SVARIFF","Ariff Bin Saiful Azhar","True"
"EBWCLAI","Lai Wui Chung","True"
"BRKSCHIN","Chin Kwek Shin","True"
"SVNOORAZIA","Noorazian Bin Mohamed Yusoff","False"
"PZCKNG","Ng Chi Kuan","True"
"SVCSKONG","Kong Chow Soon","True"
"PZHAKIM","Abdul Hakim Bin Zainal Abidin","True"
"PZSUFI","Muhammad Sufiyuddin Bin Syed Aboo","True"
"BRHLSOH","Soh Hong Lin","True"
"SVHLTEE","Tee Hui Ling","True"
"SVBAWAN","Guna Bawan A/l Baladisnan","True"
"BRCYYAP","Yap Chee Yee","True"
"BRSBLIM","Lim Swee Ben","True"
"BRSWNG","Ng Soon Wei","False"
"BRJBKHOR","Khor Joo Bien","True"
"BRAINI","Aini Hayati Binti Anuar","True"
"BRKXNG","Ng Kai Xian","True"
"BRYMLAM","Lam Yuet Meng","True"
"SCYOTAN","Tan Yew Ong","True"
"CPYLWONG","Wong Yong Lin","True"
"SVZTCHEW","Chew Zhen Tao","True"
"EBKPTAN","Tan Kok Pin, Jason","True"
"BIHLLIM","Lim Hong Leong","False"
"CPCMLAI","Lai Choon Meng","True"
"PZJHTEE","Tee Jing Huey","True"
"AMSJTAN","Tan Sit Jau","True"
"AMHLPANG","Pang Hee Long","True"
"PZJLTAN","Tan Jia Lok","True"
"SCYCONG","Mark Andrew Ong Yih Chao","True"
"AMCLCHANG","Chang Choon Liang","True"
"SOPAMIRAH","Noor Amirah Sofea Binti Mohd Faudzi","True"
"BRSLLAM","Lam Shin Lai","True"
"SOPSSLIM","Lim Son Sean","True"
"BRATTEE","Amy Tee Ai Teng","True"
"BRQLLIM","Lim Qi Long","True"
