"SamAccountName","DisplayName","Enabled"
"CPWHANG","Ang Wei Han","True"
"PZHKGOH","Goh Hiap Kee","True"
"DBWSWONG","Wong Weng Sham","True"
"BRKWLOKE","Loke Kin Wai","True"
"BMYZKHOW","Khow Yee Zhan","True"
"EBKLCHOO","Choo Kiat Lin","True"
"PZJWTAN","Tan Ji Wee","True"
"BRCLCHAN","Chan Chui Lan","True"
"SSHFLEE","Lee Hin Fatt","True"
"EBYYTENG","Teng Yen Yen","False"
"PZFATHI","Fathi Amira Bt Mohamad Zukriyani","True"
"EBJRLEONG","Leong Jia Rong","True"
"PZHICHEONG","Cheong Hui Ing","True"
"PBYFLAI","Lai Yin Fong","True"
"SNBLKOAY","Koay Bee Luon","True"
"EBETCHNG","Ch'ng Eng Thye","True"
"CPJSYAP","Yap Jian Shen","True"
"BRPYCHOONG","Choong Pei Yee","True"
"EBKWWONG","Wong Kar Wei","True"
"EBIKFONG","Fong Ing Keong","True"
"PZCKNG","Ng Chi Kuan","True"
"PBXSTAN","Tan Xui Shin","True"
"DBBONNIE","Bonnie Anak Bujong","True"
"PZPUVA","Puvaneswari A/p Vijayakumaran","True"
"DBAZZA","Azza Binti Hamzah","True"
"BRSKYII","Yii Sing Khing","True"
"DBBHCHUAH","Chuah Bee Hui","True"
"CPLHGAN","Gan Loon Hui","True"
"DBJOTHONG","Thong Joon Onn","True"
"DBMKCHAN","Chan May Kwan","True"
"HLSAFWAN","Muhamad Safwan Bin Dermawan","True"
"DBFIRDAUS","Amir Firdaus Bin Mohd Asri","True"
"DBADZMIEN","Mohd Adzmien Bin Abdul Nuri","True"
"DBFATIN","Fatin Zulaikha Binti Fezarudin","True"
"DBFATIN1","Nur Fatin Thaqifah Binti Othman","True"
"DBNURZALIN","Nurzalina Binti Mohd Zawawi","True"
"HLREDZA","Mohd Redza Bin Omar","True"
"DBAMIRAH","Nur Amirah Binti Bharon","True"
"DBYFCHAN","Chan Yook Fai","True"
"SMCHEW","Chew See Min","True"
