"SamAccountName","DisplayName","Enabled"
"DBCKANG","Ang Choon Keong","True"
"DBWSWONG","Wong Weng Sham","True"
"DBPETER","R. Peter Michael A/l M.rayappan","True"
"DBTOTENG","Teng Teck Oon","True"
"DBLSYAP","Yap Lii Shing","True"
"DBKHCHEN","Chen Kin Hong","True"
"DBLKLIT","Lit Lei Kheng","True"
"DBFHLEE","Lee Fong Han","True"
"DBJWTAN","Tan Jiunn Wai","True"
"DBGHANG","Ang Guan Hong","True"
"DBSHAM","Mohamad Shamsuddin Bin Haji Shuib","True"
"DBCGONG","Ong Cheong Guan","True"
"DBGMCHONG","Chong Gui Ming","True"
"Testing","Andy Test Acc","True"
"DVKHYAP","Yap Kok Heng","True"
"DBYTTHING","Thing Yee Teong","True"
"SVSYAFIQ","Amir Syafiq Bin Che Roslan","True"
"DBSELEONG","Leong Soon Ee","True"
"DBYSBONG","Bong Yee Seong","True"
"DBKALAI","Aaron Kalaichelvan","True"
"DBSAFWAN1","Safwan Arif Bin Zahardin","True"
"DBCFLEE","Lee Chui Fong","True"
"DBCTHO","Ho Chih Thir","True"
"DBHANANI","Hanani Huda Binti Fadzil","True"
"DBCTOH","Oh Chin Tack","True"
"DBIKHWAN","Muhammad Ikhwan Bin Rommel","True"
"DBCHANDRA","Chandrasekhar Boddu","True"
"DBNOEL","Noel Liberatus Jenius","True"
"DBNAQIB","Amirul Naqib Bin Razak","True"
"DBSULIYANA","Suliyana Binti Mohd Salleh","True"
