"SamAccountName","DisplayName","Enabled"
"SDTSWONG","Wong Teck Sheng","True"
"DBFSCHAN","Chan Foo Sun","True"
"SCHO","Ho Swee Cheng","True"
"SQYCWEE","Wee Yih Chuan","True"
"HLSWCHONG","Chong Seek Wai","True"
"DBCKANG","Ang Choon Keong","True"
"SNCTCHOO","Choo Choon Teik","True"
"TSMSLIM","Lim Meng Song","True"
"BRSYLEONG","Leong Soon Yan","True"
"TSHMNG","Ng Huei Mei","True"
"TSYUSRI","Yusrizal B. Zainol Abidin","True"
"DBSLLIM","Lim Shen Long","True"
"BRKWLOKE","Loke Kin Wai","True"
"DBLPTEE","Tee Lay Peng","True"
"DBSKLIEW","Liew Sew Keong","True"
"SDYSTHAM","Tham Yew Sheng","True"
"SDSWFOO","Foo Suan Wee","True"
"SDCKLEE","Lee Chun Keat","True"
"SDYLHO","Ho Yau Ling","True"
"DBSANEO","Neo Sheah Ann","True"
"SDCSLEE","Lee Chee Sun","False"
"SOPLYHUE","Hue Lih Yng","True"
"SOPYTKOO","Koo Yew Tat","True"
"PZJWLOW","Low Juen Wai","True"
"DBPKFONG","Fong Poi Kei","True"
"SDHYSEE","See To Han Yun","True"
"DBYLCHAN","Chan Yee Ling","True"
"DBKHWONG","Wong Kam How","True"
"TSKELIAN","Andy Lian Keat Ee","True"
"TSWPENG","Eng Wei Peng","True"
"DBTOTENG","Teng Teck Oon","True"
"SDBADR","Badr Ulsyahid Mizam","True"
"PIKLANG","Ang Kee Lim","True"
"BDBAKAR","Abu Bakar B Yunus","True"
"DBCGCHONG","Chong Chee Gwen","True"
"DBLSYAP","Yap Lii Shing","True"
"DBKHCHEN","Chen Kin Hong","True"
"SSHFLEE","Lee Hin Fatt","True"
"PZCCNG","Ng Chee Cheng","True"
"HLSHWONG","Wong Shyh Hwang","True"
"SDWLLIM","James Lim Wai Lun","True"
"SDCYCHONG","Chong Chin Yee","True"
"DBLKLIT","Lit Lei Kheng","True"
"SDPWWONG","Wong Pooi Wan","True"
"DBWJLEONG","Leong Woen Jian","True"
"DBCYCHAN","Eric Chan Chung Yong","True"
"DBGJCHAN","Chan Guan Jing","True"
"DBNADHIRAH","Nadhirah Binti Mat Salim","True"
"SDGYTAI","Tai Geng Yong","True"
"SCYLKHOO","Khoo Yueh Li","True"
"DBFHLEE","Lee Fong Han","True"
"DBJWTAN","Tan Jiunn Wai","True"
"TSSYOOI","Ooi Shu Yen","True"
"SSJHTAN","Tan Joe Huang","False"
"SVHCCHEAH","Cheah Hui Cheng","True"
"PBYFLAI","Lai Yin Fong","True"
"DBHAZIZAN","Hazizan Bin Harun","True"
"DBGHANG","Ang Guan Hong","True"
"TSSLDIA","Dia Siew Lan","True"
"DBYOTI","Mohd Yoti Bin Yaacob","True"
"DBSHAM","Mohamad Shamsuddin Bin Haji Shuib","True"
"DBCGONG","Ong Cheong Guan","True"
"Testing","Andy Test Acc","True"
"DVKHYAP","Yap Kok Heng","True"
"TSBCTAN","Tan Bee Ching","True"
"DBYTTHING","Thing Yee Teong","True"
"DBSHLEE","Lee Swee Heong","True"
"SDPFLEE","Lee Pei Fen","True"
"SDLCGOH","Goh Lai Chai","False"
"DBAMELIA","Amelia Roslyn Binti Mohd Faizal","False"
"EBKSMOH","Moh Kok Seng","True"
"SVROHANA","Rohana Binti Bani","True"
"BRHILMI","Mohd Hilmi Bin Azli","True"
"SVSYAFIQ","Amir Syafiq Bin Che Roslan","True"
"TSHPLING","Celia Ling Hua Pei","True"
"SDHMTAY","Tay Hee Ming","True"
"TSSLTOK","Tok Swee Lian","True"
"SDWHYAN","Yan Wei Han","True"
"BRHZLEE","Lee Hui Zro","True"
"SDHLLIM","Lim Han Loong","False"
"SDCYSIA","Sia Chin Yong","True"
"SDTTWONG","Wong Ting Ting","True"
"PZKSNG","Ng Kim Sing","True"
"DBSHAH","Shahelal Bin Jalal","True"
"SVHERU","Heru Wirasto","True"
"SVSHAFIE","Shafie Bin Sharip","True"
"AMKSSIM","Sim Kwang Shuen","True"
"SDKLKWEE","Kwee Kher Lee","True"
"SDSTAN","Tan Shuangjye","False"
"SDXYLIM","Lim Xian Yung","True"
"DBYSBONG","Bong Yee Seong","True"
"SOPMCLIM","Lim Meng Chee","True"
"SDHHTAN","Mathew Tan Honn How","True"
"SDWTNGOH","Ngoh Wan Ting","True"
"DBKALAI","Aaron Kalaichelvan","True"
"TMLLCHIOK","Chiok Li Lyn","False"
"SDHSCHENG","Cheng Heng Shaun","False"
"DBYFTEO","Teo Yi Feng","True"
"SDWSCHUAH","Chuah Wei Seng","False"
"SDSLTAN","Tan Shing Lieu","True"
"BRPYSIN","Sin Pik Yian","True"
"TSCHNG","Ng Chew Hong","True"
"BRYWLOK","Lok Yee Wan","True"
"BRYFLAI","Lai Yee Fong","True"
"SVWKLOONG","Loong Wai Kuan","True"
"UALAVANIYA","Lavaniya A/p Chanaran","False"
"DBKHLEE","Lee Kok Hong","True"
"DBSATHY","Sathybabu A/l Paiduthaly","True"
"DBRASYHID","Abdul Rasyhid Bin Deruis","True"
"DBPSKONG","Kong Pak Seong","True"
"DBSAFWAN1","Safwan Arif Bin Zahardin","True"
"SDSNHEW","Hew Shih Ngen","True"
"TSCFCHEAH","Cheah Chaw Feng","True"
"AMDSCHONG","Dickson Chong Di Shen","True"
"BRPUSPA","Puspalatha A/p Karuppiah","True"
"BRWJQUAH","Quah Wee Joo","True"
"SDBAGUS","Bagus Mahendra Wicaksono","False"
"DBKLSZE","Sze Kok Lun","True"
"TMYWTAN","Tan Yuen Wai","False"
"EBSWFONG","Fong Sau Weng","True"
"SDCCTEO","Teo Chin Chai","False"
"PZCKNG","Ng Chi Kuan","True"
"DBCTHO","Ho Chih Thir","True"
"DBSTENLY","Stenly Joseph A/l Selvadorai","True"
"SDMOHAIZA","Mohaiza Binti Mohamad","True"
"SDQYYEOH","Yeoh Qian Yi","False"
"SDWCTSENG","Christopher Tseng Wen Chao","True"
"DBWAN","Wan Aziah Alia Binti Wan Mohamed","True"
"SDCYLIM","Lim Chi Yang","False"
"OMSJCHEW","Chew Siew Jing","True"
"SDKBHIU","Hiu Kee Boon","True"
"DBIKHWAN","Muhammad Ikhwan Bin Rommel","True"
"SDYENDLURI","Vemanarayana Yendluri","False"
"SDBANDI","Bandi Naga Vidyadhar","True"
"SDHYYEW","Yew Huey Yee","True"
"DBNOEL","Noel Liberatus Jenius","True"
"DBNAQIB","Amirul Naqib Bin Razak","True"
"DBSULIYANA","Suliyana Binti Mohd Salleh","True"
"DBHYTAN","Tan Hui Yi","True"
"DBSHTAN","Tan Sia Hong","True"
