"SamAccountName","DisplayName","Enabled"
"PZYLEONG","Leong Yoot","True"
"CPWHANG","Ang Wei Han","True"
"STLMFCHUA","Chua Mei Fen","False"
"PZHKGOH","Goh Hiap Kee","True"
"ykwong","Wong Yok Koon","True"
"SVYCKONG","Kong Yik Chuan","True"
"NAWYNG","Ng Wuan Yeim","False"
"SHWKENG","Eng Wei Koon","True"
"SVLHLIM","Lim Loke Hun","True"
"SCWKTEH","Teh Wan Koon","True"
"BRKWLOKE","Loke Kin Wai","True"
"PZSHFOO","Foo Seong Hoo","True"
"JPPKTEE","Tee Poh Kun","True"
"DBLPTTAN","Tan Phaik Tian","True"
"STLPYKOK","Kok Pooi Yee","False"
"SDYSTHAM","Tham Yew Sheng","True"
"SCPSLEE","Lee Pei San","True"
"SVSPGO","Go Say Ping","True"
"EBKLCHOO","Choo Kiat Lin","True"
"PZJWTAN","Tan Ji Wee","True"
"PCTJLOW","Low Teck Jiun","False"
"SCSKLIM","Lim Siok Kiow","True"
"SCCLCHAIR","CHAIR CE LIN","True"
"SCKWTOH","Alex Toh Kian Wei","False"
"SCPKTEO","Teo Pik Kieh","True"
"SCKLGOH","Goh Kuan Lok","False"
"JPPLENG","Eng Piang Lai","True"
"SQSLPANG","Pang Seng Leong","True"
"SDPWWONG","Wong Pooi Wan","True"
"SDVOTHI","Vo Thi Thuy Linh","False"
"SCLWNG","Ng Lee Wah","True"
"SQKLPHUA","Phua Kai Liang","True"
"MICYTAN","Tan Cai Yun","True"
"SCHQTHAM","Tham Hock Queen","False"
"SDTGKOH","Koh Tick Gim","True"
"DBYKKHONG","Khong Yoong Keat","True"
"BRHZLEE","Lee Hui Zro","True"
"SDXYLIM","Lim Xian Yung","True"
"SDHYTAN","Tan Hui Ying","False"
"SDKCLIEW","Liew Kian Chong","False"
"CPKPNG","Ng Kim Poh","False"
"CPHHYEOH","Yeoh Hong Hua","False"
"CPCCYEOH","Yeoh Chin Chong","True"
"CPJSYAP","Yap Jian Shen","True"
"SNYSSIAU","Siau Yee Shan","True"
"CPHCLIM","Lim Hock Chuan","False"
"CPHMLIM","Lim Hock Ming","False"
"SDSNHEW","Hew Shih Ngen","True"
"HLKMKANG","Kang Kian Ming","True"
"DBAMANI","Amani Binti Abdul Hayei","True"
"DBATHIRAH","Ili Athirah Binti Mazlan","True"
