"SamAccountName","DisplayName","Enabled"
"HLSWCHONG","Chong Seek Wai","True"
"HLKYGOH","Goh Kwang Yoong","True"
"DBKVYEW","Yew Kar Voon","True"
"DBLPTEE","Tee Lay Peng","True"
"SHCYLEONG","Leong Chee Yong","True"
"HLYFLIEW","Liew Yuan Fatt","True"
"HLLSNEO","Neo Li Sze","True"
"BDZAINE","Mohmad Zaine Bin Mustafah","True"
"SVSHAFIAN","Mohd Shafian Bin Mohd Bohari","True"
"DBSYLAI","Lai Sok Yian","True"
"HLWMLAM","Lam Woon Ming","True"
"HLOYCHIN","Chin Oi Yen","True"
"BMYZKHOW","Khow Yee Zhan","True"
"HLDANYYAL","Danyyal Qaiser Ng Abdullah","True"
"DBYLCHAN","Chan Yee Ling","True"
"HLCHCHAN","Chan Chee How","True"
"BDBAKAR","Abu Bakar B Yunus","True"
"DBALNG","Ng Ai Li","True"
"HLSHCHAN","Chan Siew Har, Veronica","True"
"DBSTLEONG","Leong Swee Ting","True"
"HLSHWONG","Wong Shyh Hwang","True"
"ICSCLIM","Lim Seng Choon","True"
"SVPSLIM","Lim Pei Sze","True"
"HKTAZUDIN","Tazudin Bin Bakar","True"
"DBPAULINE","Pauline Tan","True"
"DBGMCHONG","Chong Gui Ming","True"
"SVFAHMI","Muhamad Fahmi Bin Mustafa","True"
"EBETCHNG","Ch'ng Eng Thye","True"
"Testing","Andy Test Acc","True"
"DBYTTHING","Thing Yee Teong","True"
"SVROHANA","Rohana Binti Bani","True"
"TSSLTOK","Tok Swee Lian","True"
"DBKALAI","Aaron Kalaichelvan","True"
"HLYKLOO","Loo Yeow Koon","True"
"PZTKKOH","Koh Thong Kiat","True"
"SVBAKAR1","Mohd Bakaruddin Bin Abu Bakar","True"
"HLLFLOH","Loh Loong Fatt","True"
"DBRASYHID","Abdul Rasyhid Bin Deruis","True"
"SQJCWONG","Wong Jyy Chin","True"
"BRPYCHOONG","Choong Pei Yee","True"
"SHLFTEY","Tey Lay Fun","True"
"HLCPTHAM","Tham Chow Peng","False"
"SVARIFF","Ariff Bin Saiful Azhar","True"
"EBWCLAI","Lai Wui Chung","True"
"DBSHKOH","Koh Sok Hoon","True"
"DBCFLEE","Lee Chui Fong","True"
"HLWHGOO","Goo Wee Hoon","True"
"OMCWONG","Ong Chun Wooi","True"
"BRCYYAP","Yap Chee Yee","True"
"HLBCKOH","Koh Boon Chong","True"
"HLHYKOO","Koo Huey Yi","True"
"HLHATTIM","Abdullah Hattim B.shawell","True"
"HLCYTAN","Tan Chee Yoong","True"
"HLKPLIOW","Liow Kian Ping","True"
"HLSYTEOH","Teoh Sin Yee","True"
"HLSHUHAIDI","Muhammad Shuhaidi Bin Abdullah","True"
"HLOKKHOR","Khor Ooi Kenn","True"
"HLKWTAN","Tan Kok Weng","True"
"HLSTSEOW","Seow Soo Ting","True"
"HLARIFAH","'Arifah Diyana Binti Ahmad Rubaa'i","True"
"HLHFWONG","Wong Hing Fai","True"
"HLEZREEN","Ezreen Hazira Binti Johar","True"
"HLSMLEANG","Leang Siew Min","True"
"HLSAKINAH","Sakinah Binti Zl Abidin","True"
"HLCGLEE","Lee Chon Guan","True"
"HLHSLOH","Loh Hong Sheng","True"
"HLSLLAU","Lau Sum Loong","True"
"DBZELIEW","Liew Zi En","True"
"SMCLTAY","Tay Choo Ling","True"
"SMASLIZA","Asliza Binti Yusoff","True"
"SMKWCHEAH","Cheah Kar Weai","True"
"SMSSTEAW","Teaw Soon Shin","True"
"SMYJLOW","Low Yu Jia","False"
"SMSYUHAIDA","Syuhaida Binti Ariffin","True"
"DBRAJKUMAR","Rajkumar A/l Shanmugam","True"
"DBIKHWAN","Muhammad Ikhwan Bin Rommel","True"
"testuser","TestUser","False"
"HLNAFIISAH","Nur Nafiisah Binti Puwira Jaya","False"
"DBSYAFIQAH","Nur Syafiqah Binti Zakaria","False"
"DBPSYAP","Yap Pei Sin","False"
"DBCHANDRA","Chandrasekhar Boddu","True"
"DBKBLOKE","Loke Kien Bin","True"
"DBWHLIEW","Liew Wai Hong","True"
"EBKPTAN","Tan Kok Pin, Jason","True"
"DBCHTAN","Tan Chee Hua","True"
"DBJOTHONG","Thong Joon Onn","True"
"DBCHCHONG","Chong Chia Hong","True"
"DBADITYA","Aditya Shrivastava","True"
"HLHQNG","Ng Hui Qun","True"
"Y69.tst02","Kok Wai Yap 02","True"
"Y69.tst03","Kok Wai Yap 03","True"
"DBSXONG","Ong Shu Xian","True"
"DBARSYAD","Arsyad Bin Anuar","True"
"HLSJSHEE","Shee See Jie","True"
"HLREDZA","Mohd Redza Bin Omar","True"
"DBFAKURAZI","Fakrur Razi Bin Kamarulbahrim","True"
"DBNURUL","Nurul Fadilah Binti Ibrahim","True"
"HLCYCHOY","Choy Cheng Yuan","True"
