"SamAccountName","DisplayName","Enabled"
"SDTSWONG","Wong Teck Sheng","True"
"BRKHYAP1","Yap Kean Huat","True"
"SDKCNG","Ng Ket Cheng","True"
"HLSWCHONG","Chong Seek Wai","True"
"DBCKANG","Ang Choon Keong","True"
"BRSYLEONG","Leong Soon Yan","True"
"DBSLLIM","Lim Shen Long","True"
"SDYSTHAM","Tham Yew Sheng","True"
"SDCKLEE","Lee Chun Keat","True"
"BDZAINE","Mohmad Zaine Bin Mustafah","True"
"DBSANEO","Neo Sheah Ann","True"
"SDCSLEE","Lee Chee Sun","False"
"SDHYSEE","See To Han Yun","True"
"SVATEKAH","Siti Atekah Binti Anwar","True"
"TSWPENG","Eng Wei Peng","True"
"DBTOTENG","Teng Teck Oon","True"
"PBBPCHEN","Chen Boon Peng","True"
"SDTRAIN05","SAMITHA THILANKA MASAKORALA","True"
"BDBAKAR","Abu Bakar B Yunus","True"
"DBALNG","Ng Ai Li","True"
"SDTRAIN06","JAYASUNDRA MUDIYANSELE GEDARA INDIKA CHAMIL JAYASUNDARA","True"
"DBLSYAP","Yap Lii Shing","True"
"HLSHCHAN","Chan Siew Har, Veronica","True"
"DBKHCHEN","Chen Kin Hong","True"
"SDTRAIN07","SANJEEWA KARIYAWASAM","True"
"SDTRAIN01","KARIYAWASAM GAMAGE PUBUDU MANGALA KARIYAWASAM","True"
"SDTRAIN03","HOLLU PATIRAGE NIRMAL AYANTHA CALDERA","True"
"PZCCNG","Ng Chee Cheng","True"
"HLSHWONG","Wong Shyh Hwang","True"
"DBWKCHEONG","Cheong Wei Kit","True"
"SDCYCHONG","Chong Chin Yee","True"
"DBLKLIT","Lit Lei Kheng","True"
"SQSLPANG","Pang Seng Leong","True"
"SDPWWONG","Wong Pooi Wan","True"
"ICSCLIM","Lim Seng Choon","True"
"DBCYCHAN","Eric Chan Chung Yong","True"
"DBGJCHAN","Chan Guan Jing","True"
"DBNADHIRAH","Nadhirah Binti Mat Salim","True"
"SDGYTAI","Tai Geng Yong","True"
"SVPSLIM","Lim Pei Sze","True"
"DBFHLEE","Lee Fong Han","True"
"DBJWTAN","Tan Jiunn Wai","True"
"SDYKPANG","Pang Yon Ken","True"
"DBJSOWI","Owi Jee Siang","True"
"SVHCCHEAH","Cheah Hui Cheng","True"
"SVKWLIM","Joe Lim Kim Wee","True"
"SDTRAIN02","DHUNISHA  ATHULATHMUDALI","True"
"DBCYCHANG","Chang Choon Yoong","True"
"SDTRAIN04","ANUSHAN RUWANTHA MOHOTTI","True"
"SDTRAIN08","KARIYAWASAM  BOVITHANTHRI JANITHA  CHINTHAKA  WIJERATHNE","True"
"PBYFLAI","Lai Yin Fong","True"
"DBGHANG","Ang Guan Hong","True"
"DBYOTI","Mohd Yoti Bin Yaacob","True"
"DBCGONG","Ong Cheong Guan","True"
"PBCYHUANG","Huang Chee Yoong","True"
"DBYTTHING","Thing Yee Teong","True"
"DBSHLEE","Lee Swee Heong","True"
"DBJYYAP","Yap Jaa Yeon","True"
"SDTGKOH","Koh Tick Gim","True"
"SDLCGOH","Goh Lai Chai","False"
"SDTLLIEW","Liew Tau Lee","True"
"SVSYAFIQ","Amir Syafiq Bin Che Roslan","True"
"TSSLTOK","Tok Swee Lian","True"
"SDWHYAN","Yan Wei Han","True"
"PZKSNG","Ng Kim Sing","True"
"AMKSSIM","Sim Kwang Shuen","True"
"SDKLKWEE","Kwee Kher Lee","True"
"SDXYLIM","Lim Xian Yung","True"
"DBSELEONG","Leong Soon Ee","True"
"SDHHTAN","Mathew Tan Honn How","True"
"SDWTNGOH","Ngoh Wan Ting","True"
"SDMMLEONG","Leong Mun Mun","True"
"SDLCTAN","Tan Lian Chun","True"
"SDSKLEE","Lee Soon Keong","True"
"SDJEYAP","Yap Jun Een","False"
"SDHSCHENG","Cheng Heng Shaun","False"
"DBYFTEO","Teo Yi Feng","True"
"SDJHHENG","Heng Jun Hao","True"
"SDSSSAW","Saw Soon Siong","True"
"SDWLCHAN","Esther Chan Wee Ling","False"
"TSSGGOH","Goh Soo Geik","True"
"DBCCCHUAH","Chuah Chong Chew","True"
"SVHSSEE","See Hon Shoong","True"
"DBKHLEE","Lee Kok Hong","True"
"SDSLLIM","Lim Siew Ling","True"
"SQSFCHAM","Cham Soh Fei","True"
"DBRASYHID","Abdul Rasyhid Bin Deruis","True"
"SNYSLUI","Lui Yuan Sheng","True"
"DBCWLEE","Lee Chee Wang","True"
"DBYLCHANG","Chang Yoke Long","True"
"DBPSKONG","Kong Pak Seong","True"
"AMDSCHONG","Dickson Chong Di Shen","True"
"PBSPLENG","Leng See Pin","True"
"PBRJNG","Ng Ren Jian","True"
"SDWKLOH","Loh Wing Kar","False"
"SDBAGUS","Bagus Mahendra Wicaksono","False"
"DBKLSZE","Sze Kok Lun","True"
"SDRIYAJ","Riyajuddin Shaik","True"
"SDCKTAM","Tam Chun Kiat","True"
"SDMASETTY","Masetty Mani Kishore","True"
"SDWKTONG","Tong Wai Kit","True"
"SDDILEEP","Dileep Kumar Raju Konduru","True"
"PBXSTAN","Tan Xui Shin","True"
"SDLALITHA","Lalitha Yadlapalli","True"
"DBSTENLY","Stenly Joseph A/l Selvadorai","True"
"SDWKNEO","Neo Wen Kye","True"
"SDLPYOONG","Yoong Lok Ping","False"
"SDWSKO","Ko Wye Sean","False"
"DBWAN","Wan Aziah Alia Binti Wan Mohamed","True"
"SDCYLIM","Lim Chi Yang","False"
"PBCECILIA","Jacinto, Cecilia V.","True"
"DBSYLIM","Lim Sock Yong","True"
"SDKLCHIA","Chia Kian Leong","True"
"SDWXTAN","Tan Wan Xin","True"
"PBPRASANNA","Prasanna Kumara","True"
"SDWTLAI","Lai Woon Tzer","True"
"DBIKHWAN","Muhammad Ikhwan Bin Rommel","True"
"SDYENDLURI","Vemanarayana Yendluri","False"
"SDBANDI","Bandi Naga Vidyadhar","True"
"DBRASIKA","Rasika Nimali Rathnayaka","False"
"SDHYYEW","Yew Huey Yee","True"
"DBNAQIB","Amirul Naqib Bin Razak","True"
"SDKRYEONG","Yeong Kin Rong","True"
"DBHYTAN","Tan Hui Yi","True"
"DBSHTAN","Tan Sia Hong","True"
