"SamAccountName","DisplayName","Enabled"
"peter","Chin Li Wai","True"
"HSSIET","Siet Hong Seng","True"
"OOI","Goh Chuan Ooi","True"
"CLTAN1","Tan Chiang Lee","True"
"DBFSCHAN","Chan Foo Sun","True"
"DBKVYEW","Yew Kar Voon","True"
"DBSLLIM","Lim Shen Long","True"
"SSTAN","Tan Su Sian","True"
"DBPKFONG","Fong Poi Kei","True"
"DBYLCHAN","Chan Yee Ling","True"
"HLCHCHAN","Chan Chee How","True"
"DBTOTENG","Teng Teck Oon","True"
"DBLSYAP","Yap Lii Shing","True"
"FAKHRUL","Fakhrul Anwar A.Rahim","True"
"DBYFSEW","Sew Yih Feng","True"
"DBSTLEONG","Leong Swee Ting","True"
"DBLKLIT","Lit Lei Kheng","True"
"SCLFPHANG","Phang Lin Fei","True"
"ICSCLIM","Lim Seng Choon","True"
"DBGJCHAN","Chan Guan Jing","True"
"DBNADHIRAH","Nadhirah Binti Mat Salim","True"
"DBJSOWI","Owi Jee Siang","True"
"DBGHANG","Ang Guan Hong","True"
"DBCGONG","Ong Cheong Guan","True"
"DVKHYAP","Yap Kok Heng","True"
"DBYTTHING","Thing Yee Teong","True"
"DBSHLEE","Lee Swee Heong","True"
"DBJYYAP","Yap Jaa Yeon","True"
"DBYSBONG","Bong Yee Seong","True"
"DBYFTEO","Teo Yi Feng","True"
"SLGOH","Goh Shiou Ling","True"
"DBCASSIE","Anthony Anne Cassie","True"
"SCLTTAN","Tan Lian Tang","True"
"DBKHLEE","Lee Kok Hong","True"
"DBSATHY","Sathybabu A/l Paiduthaly","True"
"DBRASYHID","Abdul Rasyhid Bin Deruis","True"
"DBPSKONG","Kong Pak Seong","True"
"DBSAFWAN1","Safwan Arif Bin Zahardin","True"
"DBKLSZE","Sze Kok Lun","True"
"SCCNCHONG","Chong Cai Ning","True"
"SCJQWAN","Wan Jun Qi","False"
"DBSHKOH","Koh Sok Hoon","True"
"KHWONG","Ray Wong","True"
"EDMUND","Edmund Chiu Pak Ngiu","True"
